Preference,Silhouette Score
-50,0.05586305007036054
-40,0.012111828729131224
-30,0.054461806944998345
-20,0.1727938075568327
-10,0.061038616054019924
