Preference,Silhouette Score
-50,0.05113464509879063
-40,0.0385553847312063
-30,0.41375493115692213
-20,0.06406229224884054
-10,0.17141731393250753
