Number of Clusters,Fuzzy Partition Coefficient (FPC)
2,0.7753718147344137
3,0.6432017925211443
4,0.6031083759181731
5,0.6260362536381359
6,0.5952725734894054
7,0.5633937470918565
